{
  "timestamp": "20260610_135858",
  "git_commit": "2a1efa9",
  "seed": 42,
  "model_name": "cnn_with_embedding",
  "generator_name": "func_31",
  "batch_size": 25,
  "epochs": 50,
  "required_data_size": 1000,
  "elapsed_time_seconds": 6.527591705322266,
  "final_metrics": {
    "accuracy": 0.887499988079071,
    "loss": 0.4225616157054901,
    "val_accuracy": 0.11500000208616257,
    "val_loss": 7.761002063751221
  }
}