{
  "timestamp": "20260605_135648",
  "git_commit": "f9a8115",
  "seed": 42,
  "model_name": "cnn_with_embedding",
  "generator_name": "func_31",
  "batch_size": 25,
  "epochs": 50,
  "required_data_size": 1000,
  "elapsed_time_seconds": 34.52762413024902,
  "final_metrics": {
    "accuracy": 0.8412500023841858,
    "loss": 0.5117751955986023,
    "val_accuracy": 0.14000000059604645,
    "val_loss": 8.35106086730957
  }
}